{"cameraMode":{"drawMode":0,"name":"Shaded","section":"Shading Mode"},"sceneLighting":false,"audioPlay":false,"sceneViewState":{"showFog":true,"showMaterialUpdate":false,"showSkybox":false,"showFlares":true,"showImageEffects":true,"showParticleSystems":true},"in2DMode":false,"pivot":{"x":-0.009540736675262452,"y":1.04375159740448,"z":-0.013154268264770508},"rotation":{"x":0.14412547647953034,"y":-0.10781887173652649,"z":0.015789959579706193,"w":0.9835414290428162},"size":4.712378025054932,"orthographic":false}