{"cameraMode":{"drawMode":0,"name":"Shaded","section":"Shading Mode"},"sceneLighting":true,"audioPlay":false,"sceneViewState":{"showFog":true,"showMaterialUpdate":false,"showSkybox":true,"showFlares":true,"showImageEffects":true,"showParticleSystems":true},"in2DMode":false,"pivot":{"x":0.6839751601219177,"y":1.6023582220077515,"z":0.41574716567993166},"rotation":{"x":-0.14412547647953034,"y":0.10781886428594589,"z":-0.015789959579706193,"w":-0.9835414290428162},"size":7.696479797363281,"orthographic":false}