{"cameraMode":{"drawMode":0,"name":"Shaded","section":"Shading Mode"},"sceneLighting":true,"audioPlay":false,"sceneViewState":{"showFog":true,"showMaterialUpdate":false,"showSkybox":true,"showFlares":true,"showImageEffects":true,"showParticleSystems":true},"in2DMode":false,"pivot":{"x":0.8642601370811462,"y":0.005175888538360596,"z":0.7570381164550781},"rotation":{"x":0.03898807615041733,"y":0.009852885268628598,"z":0.0003847887855954468,"w":-0.9991911053657532},"size":1.9640921354293824,"orthographic":false}