{"cameraMode":{"drawMode":0,"name":"Shaded","section":"Shading Mode"},"sceneLighting":true,"audioPlay":false,"sceneViewState":{"showFog":true,"showMaterialUpdate":false,"showSkybox":true,"showFlares":true,"showImageEffects":true,"showParticleSystems":true},"in2DMode":false,"pivot":{"x":1.2413010597229005,"y":1.9231743812561036,"z":-3.473660707473755},"rotation":{"x":0.015419920906424523,"y":0.6786319017410278,"z":-0.014253365807235241,"w":0.734178364276886},"size":7.581324577331543,"orthographic":false}